{
	"format_version": "1.12.0",
	"minecraft:geometry": [
		{
			"description": {
				"identifier": "bluearchivemod:archive_menu",
				"texture_width": 64,
				"texture_height": 64,
				"visible_bounds_width": 2,
				"visible_bounds_height": 1.5,
				"visible_bounds_offset": [0, 0.25, 0]
			},
			"bones": [
				{
					"name": "root",
					"pivot": [0, 0, 0],
					"cubes": [
						{
							"origin": [-1.2, 0, -1],
							"size": [0.2, 8, 6],
							"pivot": [-2, 0, 0],
							"rotation": [0, 90, 0],
							"uv": {
								"north": { "uv": [0, 8], "uv_size": [0.5, 8] },
								"east":  { "uv": [0, 0], "uv_size": [6, 8] },
								"south": { "uv": [1, 8], "uv_size": [0.5, 8] },
								"west":  { "uv": [6, 0], "uv_size": [6, 8] },
								"up":    { "uv": [2, 8], "uv_size": [0.5, 6] },
								"down":  { "uv": [3, 14], "uv_size": [0.5, -6] }
							}
						}
					]
				}
			]
		}
	]
}