{
	"format_version": "1.12.0",
	"minecraft:geometry": [
		{
			"description": {
				"identifier": "geometry.wolf_armor",
				"texture_width": 128,
				"texture_height": 128,
				"visible_bounds_width": 3,
				"visible_bounds_height": 3.5,
				"visible_bounds_offset": [0, 1.25, 0]
			},
			"bones": [
				{
					"name": "armorHead",
					"pivot": [0, 24, 0],
					"rotation": [-10, 0, 0],
					"cubes": [
						{"origin": [-5, 28.75442, -5.92094], "size": [1, 5, 1], "uv": [0, 55]},
						{"origin": [4, 28.75442, -5.92094], "size": [1, 5, 1], "uv": [39, 25]},
						{"origin": [-5, 27.35442, -4.92094], "size": [1, 7, 9], "uv": [15, 46]},
						{"origin": [3.9, 25.42388, -1.52702], "size": [1, 2, 6], "uv": [86, 86]},
						{"origin": [-4.9, 25.42388, -1.52702], "size": [1, 2, 6], "uv": [85, 20]},
						{"origin": [-4, 24.35442, 3.07906], "size": [8, 10, 2], "uv": [61, 46]},
						{"origin": [-4.5, 33.35442, -3.92094], "size": [9, 2, 7], "uv": [0, 17]},
						{"origin": [-4, 32.75442, -5.92094], "size": [8, 2, 2], "uv": [77, 16]},
						{"origin": [-4, 32.95442, 3.07906], "size": [8, 2, 1], "uv": [44, 32]},
						{"origin": [-4, 27.75442, -6.92094], "size": [8, 6, 2], "uv": [77, 8]},
						{"origin": [4, 27.35442, -4.92094], "size": [1, 7, 9], "uv": [50, 50]}
					]
				},
				{
					"name": "bone3",
					"parent": "armorHead",
					"pivot": [-4.4, 34.55442, -2.32094],
					"rotation": [-16.95281, 28.37781, -17.11149],
					"cubes": [
						{"origin": [-6.91704, 34.19038, -0.47319], "size": [4, 3, 1], "uv": [35, 71]}
					]
				},
				{
					"name": "bone4",
					"parent": "bone3",
					"pivot": [-5.41704, 37.92501, -1.82094],
					"rotation": [17.5, 0, 0],
					"cubes": [
						{"origin": [-6.45176, 36.49221, -0.82109], "size": [3, 2, 1], "uv": [80, 97]}
					]
				},
				{
					"name": "bone5",
					"parent": "bone4",
					"pivot": [-3.90824, 36.41756, -2.08242],
					"rotation": [10, 0, 0],
					"cubes": [
						{"origin": [-5.96001, 38.00673, -0.58257], "size": [2, 1, 1], "uv": [45, 22]}
					]
				},
				{
					"name": "bone9",
					"parent": "armorHead",
					"pivot": [4.4, 34.55442, -2.32094],
					"rotation": [-16.95281, -28.37781, 17.11149],
					"cubes": [
						{"origin": [2.91704, 34.19038, -0.47319], "size": [4, 3, 1], "uv": [50, 0]}
					]
				},
				{
					"name": "bone10",
					"parent": "bone9",
					"pivot": [5.41704, 37.92501, -1.82094],
					"rotation": [17.5, 0, 0],
					"cubes": [
						{"origin": [3.45176, 36.49221, -0.82109], "size": [3, 2, 1], "uv": [91, 34]}
					]
				},
				{
					"name": "bone11",
					"parent": "bone10",
					"pivot": [3.90824, 36.41756, -2.08242],
					"rotation": [10, 0, 0],
					"cubes": [
						{"origin": [3.96001, 38.00673, -0.58257], "size": [2, 1, 1], "uv": [18, 30]}
					]
				},
				{
					"name": "bone12",
					"parent": "armorHead",
					"pivot": [5.5, 30.85442, -0.42094],
					"rotation": [15, 12.5, 0],
					"cubes": [
						{"origin": [3.65778, 26.38905, -1.66381], "size": [2, 1, 3], "uv": [17, 42]},
						{"origin": [4, 27.35442, -3.92094], "size": [2, 6, 6], "uv": [49, 77]},
						{"origin": [4.70711, 28.37123, 0.01634], "size": [2, 4, 3], "uv": [99, 11]}
					]
				},
				{
					"name": "bone6",
					"parent": "armorHead",
					"pivot": [-5.5, 30.85442, -0.42094],
					"rotation": [15, -12.5, 0],
					"cubes": [
						{"origin": [-5.65778, 26.38905, -1.66381], "size": [2, 1, 3], "uv": [17, 42], "mirror": true},
						{"origin": [-6, 27.35442, -3.92094], "size": [2, 6, 6], "uv": [49, 77], "mirror": true},
						{"origin": [-6.70711, 28.37123, 0.01634], "size": [2, 4, 3], "uv": [99, 11], "mirror": true}
					]
				},
				{
					"name": "bone14",
					"parent": "armorHead",
					"pivot": [0, 32.76662, 4.56515],
					"rotation": [12.5, 0, 0],
					"cubes": [
						{"origin": [-3, 27.65136, 2.81946], "size": [6, 6, 3], "uv": [16, 79]}
					]
				},
				{
					"name": "bone13",
					"parent": "bone14",
					"pivot": [5, 24.65136, 5.81946],
					"rotation": [-15.5, 0, 0],
					"cubes": [
						{"origin": [-2, 23.74251, 2.77757], "size": [4, 4, 2], "uv": [97, 5]}
					]
				},
				{
					"name": "bone15",
					"parent": "bone13",
					"pivot": [0, 22.93053, 4.42738],
					"rotation": [15, 0, 0],
					"cubes": [
						{"origin": [-3, 21.93053, 3.42738], "size": [6, 3, 2], "uv": [91, 0]}
					]
				},
				{
					"name": "bone16",
					"parent": "bone15",
					"pivot": [5, 16.45934, 6.60149],
					"rotation": [6.5, 0, 0],
					"cubes": [
						{"origin": [-2, 20.51331, 4.07655], "size": [4, 2, 2], "uv": [25, 19]}
					]
				},
				{
					"name": "bone28",
					"parent": "bone16",
					"pivot": [0, 18.33384, 4.6887],
					"rotation": [-10, 0, 0],
					"cubes": [
						{"origin": [-1, 19.82836, 3.58417], "size": [2, 1, 2], "uv": [24, 23]}
					]
				},
				{
					"name": "bone8",
					"parent": "armorHead",
					"pivot": [0, 29.55442, -5.95428],
					"rotation": [10, 0, 0],
					"cubes": [
						{"origin": [-3, 27.7642, -10.23382], "size": [6, 3, 5], "uv": [65, 65]},
						{"origin": [-2.5, 27.7642, -12.23382], "size": [5, 3, 2], "uv": [95, 59]},
						{"origin": [-1.1, 26.88793, -11.84802], "size": [1, 2, 1], "uv": [45, 60]},
						{"origin": [0.1, 26.88793, -11.84802], "size": [1, 2, 1], "uv": [45, 57]},
						{"origin": [1.7, 26.85127, -9.99996], "size": [1, 1, 1], "uv": [61, 18]},
						{"origin": [-2.7, 26.85127, -9.99996], "size": [1, 1, 1], "uv": [49, 57]},
						{"origin": [1.7, 26.98472, -8.45329], "size": [1, 1, 1], "uv": [59, 46]},
						{"origin": [-2.7, 26.98472, -8.45329], "size": [1, 1, 1], "uv": [8, 55]},
						{"origin": [1.7, 27.01969, -6.92398], "size": [1, 1, 1], "uv": [53, 57]},
						{"origin": [-2.7, 27.01969, -6.92398], "size": [1, 1, 1], "uv": [4, 55]},
						{"origin": [1.3, 26.3087, -11.44244], "size": [1, 2, 1], "uv": [45, 63]},
						{"origin": [-2.3, 26.3087, -11.44244], "size": [1, 2, 1], "uv": [54, 39]},
						{"origin": [-1.5, 30.04988, -12.67007], "size": [3, 1, 2], "uv": [48, 103]},
						{"origin": [-1, 29.39741, -12.91342], "size": [2, 2, 2], "uv": [0, 105]}
					]
				},
				{
					"name": "bone7",
					"parent": "armorHead",
					"pivot": [0, 31.05442, -7.32094],
					"rotation": [39, 0, 0],
					"cubes": [
						{"origin": [-2, 29.91986, -10.62065], "size": [4, 2, 6], "uv": [77, 77]}
					]
				},
				{
					"name": "armorBody",
					"pivot": [0, 24, 0]
				},
				{
					"name": "bone46",
					"parent": "armorBody",
					"pivot": [18.05, 9.03333, 1.41667],
					"rotation": [0, 0, -10]
				},
				{
					"name": "bone47",
					"parent": "bone46",
					"pivot": [2.35813, 21.48354, 1.02192],
					"rotation": [0, 0, 10],
					"cubes": [
						{"origin": [-1.12829, 16.66707, -0.57634], "size": [6, 10, 4], "uv": [59, 32]},
						{"origin": [-2.07475, 17.66707, -3], "size": [8, 4, 6], "uv": [28, 0]},
						{"origin": [0.87, 18.96707, -0.17634], "size": [2, 6, 4], "uv": [26, 44]}
					]
				},
				{
					"name": "bone36",
					"parent": "armorBody",
					"pivot": [18.05, 11.03333, -1.41667],
					"rotation": [0, 0, -10]
				},
				{
					"name": "bone38",
					"parent": "bone36",
					"pivot": [2.01083, 21.51392, -1.02192],
					"rotation": [0, 0, 10],
					"cubes": [
						{"origin": [-3.81602, 21.39745, -3.5], "size": [5, 6, 7], "uv": [44, 19]},
						{"origin": [-4.32367, 22.89668, -3], "size": [5, 5, 6], "uv": [29, 60], "mirror": true},
						{"origin": [2.47958, 22.89668, -3], "size": [5, 5, 6], "uv": [29, 60]},
						{"origin": [1.97192, 21.39745, -3.5], "size": [5, 6, 7], "uv": [0, 42]},
						{"origin": [6.07958, 24.69668, -1.5], "size": [2, 4, 3], "uv": [97, 98]},
						{"origin": [-4.87417, 24.69668, -1.5], "size": [2, 4, 3], "uv": [97, 98], "mirror": true},
						{"origin": [0.5527, 18.99745, -3.82366], "size": [2, 6, 4], "uv": [41, 85]},
						{"origin": [-2.92205, 14.59745, -2.5], "size": [9, 12, 5], "uv": [0, 0]},
						{"origin": [0.57795, 13.99745, -3.3], "size": [2, 3, 1], "uv": [0, 42]},
						{"origin": [-3.42205, 14.49745, -3], "size": [10, 2, 6], "uv": [25, 11]}
					]
				},
				{
					"name": "bone18",
					"parent": "bone38",
					"pivot": [3.42441, 21.69745, -0.42366],
					"cubes": [
						{"origin": [-1.4473, 16.69745, -3.42366], "size": [6, 10, 6], "uv": [0, 26]}
					]
				},
				{
					"name": "bone26",
					"parent": "armorBody",
					"pivot": [3.92015, 12.22952, -0.08889],
					"rotation": [0, 0, -17.5],
					"cubes": [
						{"origin": [2.06679, 10.21179, -3.8], "size": [3, 2, 1], "uv": [0, 0]},
						{"origin": [4.56679, 9.21179, -3.1], "size": [1, 3, 6], "uv": [0, 0]},
						{"origin": [2.61044, 7.56075, -3.3], "size": [2, 3, 1], "uv": [0, 0]},
						{"origin": [3.20617, 6.46521, -2.7], "size": [1, 2, 2], "uv": [0, 0]},
						{"origin": [4.10608, 7.46084, -2.6], "size": [1, 2, 5], "uv": [0, 0]},
						{"origin": [3.80608, 6.46084, -1.6], "size": [1, 1, 3], "uv": [0, 0]},
						{"origin": [2.06679, 10.21179, 2.6], "size": [3, 2, 1], "uv": [0, 0]},
						{"origin": [2.61044, 7.56075, 2.1], "size": [2, 3, 1], "uv": [0, 0]},
						{"origin": [3.20617, 6.46521, 0.6], "size": [1, 2, 2], "uv": [0, 0]}
					]
				},
				{
					"name": "armorLeftLeg",
					"pivot": [1.9, 12, 0],
					"cubes": [
						{"origin": [-0.5, -0.5, -2.5], "size": [5, 13, 5], "uv": [24, 26], "mirror": true},
						{"origin": [-0.5, 9.4, -2.5], "size": [5, 3, 5], "inflate": 0.2, "uv": [63, 73]},
						{"origin": [4, 7.3, -2], "size": [1, 2, 4], "uv": [10, 97]},
						{"origin": [-1, 7.3, -2], "size": [1, 2, 4], "uv": [10, 97], "mirror": true},
						{"origin": [3.9, 6.3, -1.5], "size": [1, 4, 3], "uv": [27, 101]},
						{"origin": [-0.9, 6.3, -1.5], "size": [1, 4, 3], "uv": [27, 101], "mirror": true},
						{"origin": [0, 7.3, -3], "size": [4, 2, 1], "uv": [75, 32]},
						{"origin": [0, 7.3, 2], "size": [4, 2, 1], "uv": [35, 57]},
						{"origin": [0.5, 6.3, -2.9], "size": [3, 4, 1], "uv": [83, 20]},
						{"origin": [0.5, 6.3, 1.9], "size": [3, 4, 1], "uv": [71, 0]}
					]
				},
				{
					"name": "armorLeftBoot",
					"pivot": [1.9, 12, 0],
					"cubes": [
						{"origin": [3.9, -0.4, -1.8], "size": [1, 5, 4], "inflate": 0.2, "uv": [0, 96], "mirror": true},
						{"origin": [-0.9, -0.3, -1.8], "size": [1, 5, 4], "inflate": 0.2, "uv": [0, 96]},
						{"origin": [0, 1, -3.9], "size": [4, 2, 3], "inflate": 0.2, "uv": [94, 46], "mirror": true},
						{"origin": [0.5, 0.6, -5], "size": [3, 2, 4], "inflate": 0.2, "uv": [91, 40], "mirror": true},
						{"origin": [0, -0.3, -5.25], "size": [4, 2, 1], "inflate": 0.2, "uv": [102, 51], "mirror": true},
						{"origin": [-0.4, -0.4, -4.3], "size": [5, 2, 3], "inflate": 0.2, "uv": [62, 88], "mirror": true},
						{"origin": [-0.5, -0.3, -2.5], "size": [5, 6, 1], "inflate": 0.2, "uv": [94, 85], "mirror": true},
						{"origin": [0, -0.4, 1.4], "size": [4, 2, 2], "inflate": 0.2, "uv": [20, 62], "mirror": true},
						{"origin": [-0.5, -0.3, 1.7], "size": [5, 6, 1], "inflate": 0.2, "uv": [88, 94], "mirror": true},
						{"origin": [0.5, 4.1, -3], "size": [3, 2, 1], "inflate": 0.2, "uv": [10, 79], "mirror": true},
						{"origin": [1, 2.9, -2.8], "size": [2, 1, 1], "inflate": 0.2, "uv": [0, 30], "mirror": true},
						{"origin": [0, -0.5, -1.8], "size": [4, 3, 4], "inflate": 0.2, "uv": [83, 69], "mirror": true},
						{"origin": [0.5, 1.7, 1.2], "size": [3, 2, 2], "inflate": 0.2, "uv": [18, 26], "mirror": true}
					]
				},
				{
					"name": "bone19",
					"parent": "armorLeftBoot",
					"pivot": [4.7, 5.4, 0.2],
					"rotation": [0, 0, 22.5],
					"cubes": [
						{"origin": [4.99836, 3.10686, -1.3], "size": [1, 2, 3], "uv": [90, 102], "mirror": true}
					]
				},
				{
					"name": "bone20",
					"parent": "bone19",
					"pivot": [4.44477, 6.73173, 0.2],
					"rotation": [0, 0, -22.5],
					"cubes": [
						{"origin": [4.21887, 4.6497, -0.8], "size": [1, 1, 2], "uv": [22, 66], "mirror": true}
					]
				},
				{
					"name": "bone21",
					"parent": "bone20",
					"pivot": [4.80746, 6.77517, 0.2],
					"rotation": [0, 0, 52.5],
					"cubes": [
						{"origin": [5.4333, 5.62517, -0.3], "size": [1, 1, 1], "uv": [54, 42], "mirror": true}
					]
				},
				{
					"name": "bone27",
					"parent": "armorLeftBoot",
					"pivot": [2, 2.6, -3.8],
					"rotation": [62.5, 0, 0],
					"cubes": [
						{"origin": [1.5, 2.63408, -4.7294], "size": [1, 1, 2], "uv": [17, 46], "mirror": true}
					]
				},
				{
					"name": "bone31",
					"parent": "armorLeftBoot",
					"pivot": [2.1, 4.9, 2.9],
					"rotation": [-22.5, 0, 0],
					"cubes": [
						{"origin": [1, 3.26934, 2.34588], "size": [2, 3, 1], "inflate": 0.2, "uv": [0, 26], "mirror": true}
					]
				},
				{
					"name": "bone33",
					"parent": "armorLeftBoot",
					"pivot": [2, 5.9, -3.2],
					"rotation": [22.5, 0, 0],
					"cubes": [
						{"origin": [1, 4.7102, -3.67367], "size": [2, 2, 1], "uv": [63, 66], "mirror": true}
					]
				},
				{
					"name": "bone34",
					"parent": "bone33",
					"pivot": [2, 7.22396, -3.95376],
					"rotation": [37.5, 0, 0],
					"cubes": [
						{"origin": [1.5, 6.11563, -4.36285], "size": [1, 1, 1], "uv": [54, 35], "mirror": true}
					]
				},
				{
					"name": "armorRightBoot",
					"pivot": [-1.9, 12, 0],
					"cubes": [
						{"origin": [-4.9, -0.4, -1.8], "size": [1, 5, 4], "inflate": 0.2, "uv": [0, 96]},
						{"origin": [-0.1, -0.3, -1.8], "size": [1, 5, 4], "inflate": 0.2, "uv": [0, 96], "mirror": true},
						{"origin": [-4, 1, -3.9], "size": [4, 2, 3], "inflate": 0.2, "uv": [94, 46]},
						{"origin": [-3.5, 0.6, -5], "size": [3, 2, 4], "inflate": 0.2, "uv": [91, 40]},
						{"origin": [-4, -0.3, -5.25], "size": [4, 2, 1], "inflate": 0.2, "uv": [102, 51]},
						{"origin": [-4.6, -0.4, -4.3], "size": [5, 2, 3], "inflate": 0.2, "uv": [62, 88]},
						{"origin": [-4.5, -0.3, -2.5], "size": [5, 6, 1], "inflate": 0.2, "uv": [94, 85]},
						{"origin": [-4, -0.4, 1.4], "size": [4, 2, 2], "inflate": 0.2, "uv": [20, 62]},
						{"origin": [-4.5, -0.3, 1.7], "size": [5, 6, 1], "inflate": 0.2, "uv": [88, 94]},
						{"origin": [-3.5, 4.1, -3], "size": [3, 2, 1], "inflate": 0.2, "uv": [10, 79]},
						{"origin": [-3, 2.9, -2.8], "size": [2, 1, 1], "inflate": 0.2, "uv": [0, 30]},
						{"origin": [-4, -0.5, -1.8], "size": [4, 3, 4], "inflate": 0.2, "uv": [83, 69]},
						{"origin": [-3.5, 1.7, 1.2], "size": [3, 2, 2], "inflate": 0.2, "uv": [18, 26]}
					]
				},
				{
					"name": "bone57",
					"parent": "armorRightBoot",
					"pivot": [-4.7, 5.4, 0.2],
					"rotation": [0, 0, -22.5],
					"cubes": [
						{"origin": [-5.99836, 3.10686, -1.3], "size": [1, 2, 3], "uv": [90, 102]}
					]
				},
				{
					"name": "bone58",
					"parent": "bone57",
					"pivot": [-4.44477, 6.73173, 0.2],
					"rotation": [0, 0, 22.5],
					"cubes": [
						{"origin": [-5.21887, 4.6497, -0.8], "size": [1, 1, 2], "uv": [22, 66]}
					]
				},
				{
					"name": "bone59",
					"parent": "bone58",
					"pivot": [-4.80746, 6.77517, 0.2],
					"rotation": [0, 0, -52.5],
					"cubes": [
						{"origin": [-6.4333, 5.62517, -0.3], "size": [1, 1, 1], "uv": [54, 42]}
					]
				},
				{
					"name": "bone60",
					"parent": "armorRightBoot",
					"pivot": [-2, 2.6, -3.8],
					"rotation": [62.5, 0, 0],
					"cubes": [
						{"origin": [-2.5, 2.63408, -4.7294], "size": [1, 1, 2], "uv": [17, 46]}
					]
				},
				{
					"name": "bone61",
					"parent": "armorRightBoot",
					"pivot": [-2.1, 4.9, 2.9],
					"rotation": [-22.5, 0, 0],
					"cubes": [
						{"origin": [-3, 3.26934, 2.34588], "size": [2, 3, 1], "inflate": 0.2, "uv": [0, 26]}
					]
				},
				{
					"name": "bone63",
					"parent": "armorRightBoot",
					"pivot": [-2, 5.9, -3.2],
					"rotation": [22.5, 0, 0],
					"cubes": [
						{"origin": [-3, 4.7102, -3.67367], "size": [2, 2, 1], "uv": [63, 66]}
					]
				},
				{
					"name": "bone64",
					"parent": "bone63",
					"pivot": [-2, 7.22396, -3.95376],
					"rotation": [37.5, 0, 0],
					"cubes": [
						{"origin": [-2.5, 6.11563, -4.36285], "size": [1, 1, 1], "uv": [54, 35]}
					]
				},
				{
					"name": "armorRightLeg",
					"pivot": [-1.9, 12, 0],
					"cubes": [
						{"origin": [-4.5, -0.5, -2.5], "size": [5, 13, 5], "uv": [24, 26]},
						{"origin": [-4.5, 9.4, -2.5], "size": [5, 3, 5], "inflate": 0.2, "uv": [63, 73], "mirror": true},
						{"origin": [-5, 7.3, -2], "size": [1, 2, 4], "uv": [10, 97], "mirror": true},
						{"origin": [0, 7.3, -2], "size": [1, 2, 4], "uv": [10, 97]},
						{"origin": [-4.9, 6.3, -1.5], "size": [1, 4, 3], "uv": [27, 101], "mirror": true},
						{"origin": [-0.1, 6.3, -1.5], "size": [1, 4, 3], "uv": [27, 101]},
						{"origin": [-4, 7.3, -3], "size": [4, 2, 1], "uv": [75, 32], "mirror": true},
						{"origin": [-4, 7.3, 2], "size": [4, 2, 1], "uv": [35, 57], "mirror": true},
						{"origin": [-3.5, 6.3, -2.9], "size": [3, 4, 1], "uv": [83, 20], "mirror": true},
						{"origin": [-3.5, 6.3, 1.9], "size": [3, 4, 1], "uv": [71, 0], "mirror": true}
					]
				},
				{
					"name": "armorRightArm",
					"pivot": [-5, 22, 0]
				},
				{
					"name": "bone77",
					"parent": "armorRightArm",
					"pivot": [-8.5, 13.1, 0],
					"rotation": [0, 0, -25],
					"cubes": [
						{"origin": [-9.09063, 11.64226, -1.5], "size": [2, 3, 3], "uv": [97, 34], "mirror": true}
					]
				},
				{
					"name": "bone78",
					"parent": "armorRightArm",
					"pivot": [-9.8, 15.2, 0],
					"rotation": [0, 0, -47.5],
					"cubes": [
						{"origin": [-10.70696, 13.60869, -1], "size": [2, 2, 2], "uv": [8, 103], "mirror": true}
					]
				},
				{
					"name": "bone79",
					"parent": "armorRightArm",
					"pivot": [-10.3, 16.9, -0.5],
					"rotation": [0, 0, -22.5],
					"cubes": [
						{"origin": [-11.13961, 15.10299, -0.5], "size": [1, 2, 1], "uv": [34, 44], "mirror": true}
					]
				},
				{
					"name": "bone80",
					"parent": "armorRightArm",
					"pivot": [1.5, 0.3, 0.5],
					"cubes": [
						{"origin": [-8.5, 13.3, -2.5], "size": [5, 9, 5], "inflate": -0.1, "uv": [0, 57], "mirror": true},
						{"origin": [-8.5, 11.3, -2.5], "size": [5, 3, 5], "uv": [20, 71], "mirror": true},
						{"origin": [-8, 10.7, -2], "size": [4, 1, 4], "uv": [81, 48], "mirror": true},
						{"origin": [-8.5, 14.3, -2.5], "size": [4, 1, 5], "uv": [32, 19], "mirror": true},
						{"origin": [-8.5, 15.3, -2.5], "size": [3, 1, 5], "uv": [29, 83], "mirror": true},
						{"origin": [-9, 20.3, -3], "size": [3, 2, 6], "uv": [79, 32], "mirror": true},
						{"origin": [-8.5, 21.3, -2.5], "size": [5, 3, 5], "uv": [0, 71], "mirror": true}
					]
				},
				{
					"name": "bone81",
					"parent": "bone80",
					"pivot": [-2.4, 18.9, 0],
					"rotation": [0, 0, 12.5],
					"cubes": [
						{"origin": [-8.76396, 16.3664, -2.5], "size": [6, 2, 5], "uv": [46, 68], "mirror": true}
					]
				},
				{
					"name": "bone82",
					"parent": "bone80",
					"pivot": [-4, 23.1, 0],
					"rotation": [0, 0, -40],
					"cubes": [
						{"origin": [-8.16639, 24.19922, -1.5], "size": [3, 3, 3], "uv": [95, 67], "mirror": true}
					]
				},
				{
					"name": "bone83",
					"parent": "bone82",
					"pivot": [-6.65439, 27.74257, 0],
					"rotation": [0, 0, 12.5],
					"cubes": [
						{"origin": [-7.56568, 26.69639, -1], "size": [2, 2, 2], "uv": [6, 96], "mirror": true}
					]
				},
				{
					"name": "bone84",
					"parent": "bone83",
					"pivot": [-6.60992, 29.38946, 0],
					"rotation": [0, 0, 20],
					"cubes": [
						{"origin": [-7.01078, 28.37641, -0.5], "size": [1, 2, 1], "uv": [0, 0], "mirror": true}
					]
				},
				{
					"name": "bone85",
					"parent": "armorRightArm",
					"pivot": [-0.9, 24.4, 0],
					"rotation": [0, 0, -10],
					"cubes": [
						{"origin": [-7.78931, 23.9652, -2], "size": [3, 2, 4], "uv": [74, 91], "mirror": true}
					]
				},
				{
					"name": "armorLeftArm",
					"pivot": [5, 22, 0]
				},
				{
					"name": "bone67",
					"parent": "armorLeftArm",
					"pivot": [8.5, 13.1, 0],
					"rotation": [0, 0, 25],
					"cubes": [
						{"origin": [7.09063, 11.64226, -1.5], "size": [2, 3, 3], "uv": [97, 34]}
					]
				},
				{
					"name": "bone68",
					"parent": "armorLeftArm",
					"pivot": [9.8, 15.2, 0],
					"rotation": [0, 0, 47.5],
					"cubes": [
						{"origin": [8.70696, 13.60869, -1], "size": [2, 2, 2], "uv": [8, 103]}
					]
				},
				{
					"name": "bone69",
					"parent": "armorLeftArm",
					"pivot": [10.3, 16.9, -0.5],
					"rotation": [0, 0, 22.5],
					"cubes": [
						{"origin": [10.13961, 15.10299, -0.5], "size": [1, 2, 1], "uv": [34, 44]}
					]
				},
				{
					"name": "bone70",
					"parent": "armorLeftArm",
					"pivot": [-1.5, 0.3, 0.5],
					"cubes": [
						{"origin": [3.5, 13.3, -2.5], "size": [5, 9, 5], "inflate": -0.1, "uv": [0, 57]},
						{"origin": [3.5, 11.3, -2.5], "size": [5, 3, 5], "uv": [20, 71]},
						{"origin": [4, 10.7, -2], "size": [4, 1, 4], "uv": [81, 48]},
						{"origin": [4.5, 14.3, -2.5], "size": [4, 1, 5], "uv": [32, 19]},
						{"origin": [5.5, 15.3, -2.5], "size": [3, 1, 5], "uv": [29, 83]},
						{"origin": [6, 20.3, -3], "size": [3, 2, 6], "uv": [79, 32]},
						{"origin": [3.5, 21.3, -2.5], "size": [5, 3, 5], "uv": [0, 71]}
					]
				},
				{
					"name": "bone71",
					"parent": "bone70",
					"pivot": [2.4, 18.9, 0],
					"rotation": [0, 0, -12.5],
					"cubes": [
						{"origin": [2.76396, 16.3664, -2.5], "size": [6, 2, 5], "uv": [46, 68]}
					]
				},
				{
					"name": "bone72",
					"parent": "bone70",
					"pivot": [4, 23.1, 0],
					"rotation": [0, 0, 40],
					"cubes": [
						{"origin": [5.16639, 24.19922, -1.5], "size": [3, 3, 3], "uv": [95, 67]}
					]
				},
				{
					"name": "bone73",
					"parent": "bone72",
					"pivot": [6.65439, 27.74257, 0],
					"rotation": [0, 0, -12.5],
					"cubes": [
						{"origin": [5.56568, 26.69639, -1], "size": [2, 2, 2], "uv": [6, 96]}
					]
				},
				{
					"name": "bone74",
					"parent": "bone73",
					"pivot": [6.60992, 29.38946, 0],
					"rotation": [0, 0, -20],
					"cubes": [
						{"origin": [6.01078, 28.37641, -0.5], "size": [1, 2, 1], "uv": [0, 0]}
					]
				},
				{
					"name": "bone75",
					"parent": "armorLeftArm",
					"pivot": [0.9, 24.4, 0],
					"rotation": [0, 0, 10],
					"cubes": [
						{"origin": [4.78931, 23.9652, -2], "size": [3, 2, 4], "uv": [74, 91]}
					]
				}
			]
		}
	]
}