{
	"format_version": "1.12.0",
	"minecraft:geometry": [
		{
			"description": {
				"identifier": "geometry.cool_kid",
				"texture_width": 64,
				"texture_height": 64,
				"visible_bounds_width": 3,
				"visible_bounds_height": 2.5,
				"visible_bounds_offset": [0, 0.75, 0]
			},
			"bones": [
				{
					"name": "root",
					"pivot": [0, 0, 0]
				},
				{
					"name": "body",
					"parent": "root",
					"pivot": [0, 4, 0],
					"cubes": [
						{"origin": [-6, 4, -3], "size": [12, 10, 6], "uv": [0, 0]},
						{"origin": [-6, 4, -3], "size": [12, 10, 6], "inflate": 0.2, "uv": [0, 16]}
					]
				},
				{
					"name": "leftTendrils",
					"parent": "body",
					"pivot": [-6, 9.5, 0],
					"rotation": [-7.5, 10, 0],
					"cubes": [
						{"origin": [-12, 6, 0], "size": [6, 11, 0], "uv": [36, 0]}
					]
				},
				{
					"name": "rightTendrils",
					"parent": "body",
					"pivot": [6, 9.5, 0],
					"rotation": [-7.5, -10, 0],
					"cubes": [
						{"origin": [6, 6, 0], "size": [6, 11, 0], "uv": [36, 0], "mirror": true}
					]
				},
				{
					"name": "leftLeg",
					"parent": "root",
					"pivot": [-3.5, 4, 0],
					"cubes": [
						{"origin": [-5, 0, -1.5], "size": [3, 4, 3], "uv": [33, 13]},
						{"origin": [-5, 0, -1.5], "size": [3, 4, 3], "inflate": 0.1, "uv": [36, 20]}
					]
				},
				{
					"name": "rightLeg",
					"parent": "root",
					"pivot": [3.5, 4, 0],
					"cubes": [
						{"origin": [2, 0, -1.5], "size": [3, 4, 3], "uv": [33, 13], "mirror": true},
						{"origin": [2, 0, -1.5], "size": [3, 4, 3], "inflate": 0.1, "uv": [36, 20], "mirror": true}
					]
				}
			]
		}
	]
}