{
	"format_version": "1.12.0",
	"minecraft:geometry": [
		{
			"description": {
				"identifier": "geometry.creeper",
				"texture_width": 64,
				"texture_height": 40,
				"visible_bounds_width": 2,
				"visible_bounds_height": 3.5,
				"visible_bounds_offset": [0, 1.25, 0]
			},
			"bones": [
				{
					"name": "head",
					"pivot": [0, 18, 0],
					"cubes": [
						{"origin": [-4, 18, -6], "size": [8, 8, 8], "inflate": 0.1, "uv": [0, 0]},
						{"origin": [-4, 18, -6], "size": [8, 8, 8], "inflate": 0.2, "uv": [32, 0]}
					]
				},
				{
					"name": "armor",
					"pivot": [0, 0, 0]
				},
				{
					"name": "body",
					"pivot": [0, 18, 0]
				},
				{
					"name": "body2",
					"parent": "body",
					"pivot": [0, 0, 0],
					"rotation": [5, 0, 0],
					"cubes": [
						{"origin": [-4, 5, -2], "size": [8, 13, 4], "uv": [16, 16]}
					]
				},
				{
					"name": "leg1",
					"pivot": [2, 6, 4]
				},
				{
					"name": "leg8",
					"parent": "leg1",
					"pivot": [0, 6, 0],
					"rotation": [0, 15, 0],
					"cubes": [
						{"origin": [0, 0, 1.5], "size": [4, 6, 4], "uv": [0, 16]}
					]
				},
				{
					"name": "leg2",
					"pivot": [-2, 6, 4]
				},
				{
					"name": "leg7",
					"parent": "leg2",
					"pivot": [0, 6, 0],
					"rotation": [0, -15, 0],
					"cubes": [
						{"origin": [-4, 0, 1.5], "size": [4, 6, 4], "uv": [0, 16]}
					]
				},
				{
					"name": "leg3",
					"pivot": [2, 6, -4]
				},
				{
					"name": "leg5",
					"parent": "leg3",
					"pivot": [0, 6, 0],
					"rotation": [0, -15, 0],
					"cubes": [
						{"origin": [0, 0, -6], "size": [4, 6, 4], "uv": [0, 16]}
					]
				},
				{
					"name": "leg4",
					"pivot": [-2, 6, -4]
				},
				{
					"name": "leg6",
					"parent": "leg4",
					"pivot": [0, 6, 0],
					"rotation": [0, 15, 0],
					"cubes": [
						{"origin": [-4, 0, -6], "size": [4, 6, 4], "uv": [0, 16]}
					]
				}
			]
		}
	]
}