{
	"format_version": "1.12.0",
	"minecraft:geometry": [
		{
			"description": {
				"identifier": "geometry.modelgremlingecko",
				"texture_width": 96,
				"texture_height": 96,
				"visible_bounds_width": 4,
				"visible_bounds_height": 3.5,
				"visible_bounds_offset": [0, 1.25, 0]
			},
			"bones": [
				{
					"name": "root",
					"pivot": [0, 2, 6.5]
				},
				{
					"name": "bipedLegs",
					"parent": "root",
					"pivot": [0, 6, 6.5]
				},
				{
					"name": "bipedLegLeft",
					"parent": "bipedLegs",
					"pivot": [4, 6, 6.5],
					"cubes": [
						{"origin": [2, 0, 4.5], "size": [4, 6, 4], "uv": [0, 22]},
						{"origin": [2, 0, 4.5], "size": [4, 6, 4], "inflate": 0.5, "uv": [0, 32]}
					]
				},
				{
					"name": "armorBipedLeftLeg",
					"parent": "bipedLegLeft",
					"pivot": [4, 6, 6.5],
					"mirror": true,
					"cubes": [
						{"origin": [2, 0, 4.5], "size": [4, 6, 4], "uv": [16, 22]}
					]
				},
				{
					"name": "armorBipedLeftFoot",
					"parent": "bipedLegLeft",
					"pivot": [4, 6, 6.5],
					"mirror": true,
					"cubes": [
						{"origin": [2, 0, 4.5], "size": [4, 6, 4], "uv": [16, 22]}
					]
				},
				{
					"name": "bipedLegRight",
					"parent": "bipedLegs",
					"pivot": [-4, 6, 6.5],
					"cubes": [
						{"origin": [-6, 0, 4.5], "size": [4, 6, 4], "uv": [0, 22], "mirror": true},
						{"origin": [-6, 0, 4.5], "size": [4, 6, 4], "inflate": 0.5, "uv": [0, 32], "mirror": true}
					]
				},
				{
					"name": "armorBipedRightLeg",
					"parent": "bipedLegRight",
					"pivot": [-4, 6, 6.5],
					"cubes": [
						{"origin": [-6, 0, 4.5], "size": [4, 6, 4], "uv": [0, 22], "mirror": true}
					]
				},
				{
					"name": "armorBipedRightFoot",
					"parent": "bipedLegRight",
					"pivot": [-4, 6, 6.5],
					"cubes": [
						{"origin": [-6, 0, 4.5], "size": [4, 6, 4], "uv": [0, 22], "mirror": true}
					]
				},
				{
					"name": "bipedBody",
					"parent": "root",
					"pivot": [0, 5, 7.5],
					"rotation": [60, 0, 0],
					"cubes": [
						{"origin": [-4, 5, 5.5], "size": [8, 12, 4], "uv": [16, 16]},
						{"origin": [-4, 5, 5.5], "size": [8, 12, 4], "inflate": 0.5, "uv": [16, 32]}
					]
				},
				{
					"name": "bipedArms",
					"parent": "bipedBody",
					"pivot": [0, 15, 7.5],
					"rotation": [-60, 0, 0]
				},
				{
					"name": "bipedArmLeft",
					"parent": "bipedArms",
					"pivot": [5, 15, 7.5],
					"rotation": [0, 0, -7.5],
					"cubes": [
						{"origin": [4, 5, 5.5], "size": [4, 12, 4], "uv": [40, 16]},
						{"origin": [4, 5, 5.5], "size": [4, 12, 4], "inflate": 0.5, "uv": [40, 32]}
					]
				},
				{
					"name": "bipedHandLeft",
					"parent": "bipedArmLeft",
					"pivot": [6, 5, 6.5],
					"rotation": [90, 180, 0],
					"cubes": [
						{"origin": [6, 5, 6.5], "size": [0, 0, 0], "uv": [4, 4]}
					]
				},
				{
					"name": "armorBipedLeftArm",
					"parent": "bipedArmLeft",
					"pivot": [5, 15, 7.5],
					"cubes": [
						{"origin": [4, 5, 5.5], "size": [4, 12, 4], "uv": [36, 52]}
					]
				},
				{
					"name": "bipedArmRight",
					"parent": "bipedArms",
					"pivot": [-5, 15, 7.5],
					"rotation": [0, 0, 7.5],
					"cubes": [
						{"origin": [-8, 5, 5.5], "size": [4, 12, 4], "uv": [40, 16], "mirror": true},
						{"origin": [-8, 5, 5.5], "size": [4, 12, 4], "inflate": 0.5, "uv": [40, 32], "mirror": true}
					]
				},
				{
					"name": "bipedHandRight",
					"parent": "bipedArmRight",
					"pivot": [-6, 5, 6.5],
					"rotation": [90, 180, 0],
					"cubes": [
						{"origin": [-6, 5, 6.5], "size": [0, 0, 0], "uv": [0, 0], "mirror": true}
					]
				},
				{
					"name": "armorBipedRightArm",
					"parent": "bipedArmRight",
					"pivot": [-5, 15, 7.5],
					"cubes": [
						{"origin": [-8, 5, 5.5], "size": [4, 12, 4], "uv": [40, 16], "mirror": true}
					]
				},
				{
					"name": "bipedCape",
					"parent": "bipedBody",
					"pivot": [0, 17, 9.5],
					"rotation": [7.5, 0, 0],
					"cubes": [
						{"origin": [-5, 1, 9.5], "size": [10, 16, 1], "uv": [0, 0]}
					]
				},
				{
					"name": "bipedPotionSlot",
					"parent": "bipedBody",
					"pivot": [4, 6, 7.5],
					"rotation": [0, 90, 0],
					"cubes": [
						{"origin": [4.5, 6, 7.5], "size": [0, 0, 0], "uv": [0, 0]}
					]
				},
				{
					"name": "armorBipedBody",
					"parent": "bipedBody",
					"pivot": [0, 17, 7.5],
					"cubes": [
						{"origin": [-4, 5, 5.5], "size": [8, 12, 4], "uv": [16, 16]}
					]
				},
				{
					"name": "bipedHeadBaseRotator",
					"parent": "bipedBody",
					"pivot": [0, 17, 6.5],
					"rotation": [-60, 0, 0]
				},
				{
					"name": "bipedHead",
					"parent": "bipedHeadBaseRotator",
					"pivot": [0, 17, 6.5],
					"cubes": [
						{"origin": [-4, 17, 2.5], "size": [8, 8, 8], "uv": [0, 0]},
						{"origin": [-4, 17, 2.5], "size": [8, 8, 8], "inflate": 0.5, "uv": [32, 0]},
						{"origin": [-1, 18.5, 2.5], "size": [2, 3, 2], "pivot": [0, 21.5, 2.5], "rotation": [-25, 0, 0], "uv": [64, 0]}
					]
				},
				{
					"name": "hornLeft",
					"parent": "bipedHead",
					"pivot": [-3.25, 25, 3.25],
					"rotation": [45, 45, 0],
					"cubes": [
						{"origin": [-4.25, 24, 2.25], "size": [2, 2, 2], "uv": [56, 0]}
					]
				},
				{
					"name": "hornLeftTip",
					"parent": "hornLeft",
					"pivot": [-3.3, 25.5, 3.25],
					"cubes": [
						{"origin": [-3.8, 25.5, 2.75], "size": [1, 1, 1], "pivot": [-3.3, 26, 3.25], "rotation": [-45, 45, 0], "uv": [56, 4]}
					]
				},
				{
					"name": "armorBipedHead",
					"parent": "bipedHead",
					"pivot": [0, 17, 6.5],
					"cubes": [
						{"origin": [-4, 17, 2.5], "size": [8, 8, 8], "uv": [0, 0]}
					]
				},
				{
					"name": "hornRight",
					"parent": "bipedHead",
					"pivot": [3.75, 24.5, 3.05],
					"rotation": [45, -45, 0],
					"cubes": [
						{"origin": [2.5, 23.5, 2.8], "size": [2, 2, 2], "uv": [56, 0]}
					]
				},
				{
					"name": "hornRightTip",
					"parent": "hornRight",
					"pivot": [3.45, 24.8, 4.45],
					"cubes": [
						{"origin": [3.25, 24.8, 3.2], "size": [1, 1, 1], "pivot": [3.45, 25.3, 3.45], "rotation": [45, -45, 0], "uv": [56, 4]}
					]
				}
			]
		}
	]
}