{
	"format_version": "1.12.0",
	"minecraft:geometry": [
		{
			"description": {
				"identifier": "geometry.parasite",
				"texture_width": 64,
				"texture_height": 32,
				"visible_bounds_width": 3,
				"visible_bounds_height": 3.5,
				"visible_bounds_offset": [0, 1.25, 0]
			},
			"bones": [
				{
					"name": "bone9",
					"pivot": [1, 16, 0]
				},
				{
					"name": "head",
					"parent": "bone9",
					"pivot": [0, 20, -8],
					"cubes": [
						{"origin": [-4, 16, -14], "size": [8, 8, 6], "uv": [0, 0]},
						{"origin": [4, 22, -12], "size": [1, 3, 1], "uv": [22, 0]},
						{"origin": [-5, 22, -12], "size": [1, 3, 1], "uv": [22, 0]}
					]
				},
				{
					"name": "body",
					"parent": "bone9",
					"pivot": [0, 17, 1],
					"rotation": [90, 0, 0],
					"cubes": [
						{"origin": [-6, 8, -4], "size": [12, 18, 10], "uv": [18, 4]},
						{"origin": [-2, 8, -5], "size": [4, 6, 1], "uv": [52, 0]}
					]
				},
				{
					"name": "leg1",
					"parent": "bone9",
					"pivot": [-4, 12, 7],
					"cubes": [
						{"origin": [-6, 0, 5], "size": [4, 12, 4], "uv": [0, 16]}
					]
				},
				{
					"name": "leg2",
					"parent": "bone9",
					"pivot": [4, 12, 7],
					"cubes": [
						{"origin": [2, 0, 5], "size": [4, 12, 4], "uv": [0, 16]}
					]
				},
				{
					"name": "leg3",
					"parent": "bone9",
					"pivot": [-4, 12, -5],
					"cubes": [
						{"origin": [-6, 0, -7], "size": [4, 12, 4], "uv": [0, 16]}
					]
				},
				{
					"name": "leg4",
					"parent": "bone9",
					"pivot": [4, 12, -5],
					"cubes": [
						{"origin": [2, 0, -7], "size": [4, 12, 4], "uv": [0, 16]}
					]
				},
				{
					"name": "worm",
					"parent": "bone9",
					"pivot": [0, 0, 0]
				},
				{
					"name": "tentacle1",
					"parent": "worm",
					"pivot": [-3, 19, -1],
					"rotation": [3.35106, -8.17579, 95.85106]
				},
				{
					"name": "bone",
					"parent": "tentacle1",
					"pivot": [0, -4, 15],
					"cubes": [
						{"origin": [-4, 17.88545, -10.27938], "size": [2, 2, 6], "pivot": [-3, 19, -4], "rotation": [-20, 0, 0], "uv": [38, 20]}
					]
				},
				{
					"name": "bone2",
					"parent": "tentacle1",
					"pivot": [0, -4, 15],
					"cubes": [
						{"origin": [-4, 18, -5], "size": [2, 2, 4], "uv": [38, 20]}
					]
				},
				{
					"name": "tentacle2",
					"parent": "worm",
					"pivot": [2, 20, 5],
					"rotation": [1.47332, 14.52708, -80.66244]
				},
				{
					"name": "bone3",
					"parent": "tentacle2",
					"pivot": [5, -3, 21],
					"cubes": [
						{"origin": [1, 18.99555, -9.58091], "size": [2, 2, 7], "pivot": [2, 20, -3], "rotation": [-20, 0, 0], "uv": [38, 20]}
					]
				},
				{
					"name": "bone4",
					"parent": "tentacle2",
					"pivot": [5, -3, 21],
					"cubes": [
						{"origin": [1, 19, -3], "size": [2, 2, 8], "uv": [38, 20]}
					]
				},
				{
					"name": "tentacle3",
					"parent": "worm",
					"pivot": [-1, 20, 5],
					"rotation": [2.0419, 5.85325, -170.42396]
				},
				{
					"name": "bone5",
					"parent": "tentacle3",
					"pivot": [2, -3, 21],
					"cubes": [
						{"origin": [-2, 18.91151, -5.4603], "size": [2, 2, 5], "pivot": [-1, 20, -1], "rotation": [-20, 0, 0], "uv": [38, 21]}
					]
				},
				{
					"name": "bone6",
					"parent": "tentacle3",
					"pivot": [2, -3, 21],
					"cubes": [
						{"origin": [-2, 19, -1], "size": [2, 2, 6], "uv": [38, 20]}
					]
				},
				{
					"name": "tentacle4",
					"parent": "worm",
					"pivot": [-1, 20, 3],
					"rotation": [16.23906, -0.48785, -4.45831]
				},
				{
					"name": "bone7",
					"parent": "tentacle4",
					"pivot": [2, -3, 19],
					"cubes": [
						{"origin": [-2, 19.22747, -8.33968], "size": [2, 2, 8], "pivot": [-1, 20, -1], "rotation": [-20, 0, 0], "uv": [38, 20]}
					]
				},
				{
					"name": "bone8",
					"parent": "tentacle4",
					"pivot": [2, -3, 19],
					"cubes": [
						{"origin": [-2, 19, -1], "size": [2, 2, 4], "uv": [38, 20]}
					]
				}
			]
		}
	]
}