{
	"format_version": "1.12.0",
	"minecraft:geometry": [
		{
			"description": {
				"identifier": "geometry.jack_in_the_box",
				"texture_width": 80,
				"texture_height": 80,
				"visible_bounds_width": 3,
				"visible_bounds_height": 2.5,
				"visible_bounds_offset": [0, 0.75, 0]
			},
			"bones": [
				{
					"name": "Chest_body",
					"pivot": [0, -1, 0]
				},
				{
					"name": "Top",
					"parent": "Chest_body",
					"pivot": [0.5, 9, 7.5],
					"cubes": [
						{"origin": [-7, 9, -6.5], "size": [14, 5, 14], "uv": [0, 0]}
					]
				},
				{
					"name": "Lock",
					"parent": "Top",
					"pivot": [0.5, 10, 7.5],
					"cubes": [
						{"origin": [-1, 7.5, -7.5], "size": [2, 4, 1], "uv": [0, 0]}
					]
				},
				{
					"name": "Botttom",
					"parent": "Chest_body",
					"pivot": [8, 10, -7.5],
					"cubes": [
						{"origin": [-7, 0, -6.5], "size": [14, 9, 14], "uv": [0, 20]}
					]
				},
				{
					"name": "Body",
					"pivot": [0, -4.1, 1.5]
				},
				{
					"name": "Head",
					"parent": "Body",
					"pivot": [-0.5, 0.9, 2.5],
					"cubes": [
						{"origin": [-4, 3.9, -2.5], "size": [8, 8, 8], "inflate": -1, "uv": [0, 43]}
					]
				},
				{
					"name": "Bodymain",
					"parent": "Body",
					"pivot": [0, -0.1, 1.5],
					"cubes": [
						{"origin": [-4, -1.1, -0.5], "size": [8, 12, 4], "inflate": -1, "uv": [16, 59]}
					]
				},
				{
					"name": "Arm",
					"parent": "Body",
					"pivot": [-4, 7.9, 1.5],
					"cubes": [
						{"origin": [-6, 2.9, -0.5], "size": [4, 6, 4], "inflate": -1, "uv": [40, 59]}
					]
				},
				{
					"name": "Elbow",
					"parent": "Arm",
					"pivot": [-4, 3.6, 1.5],
					"rotation": [-2.5, 0, 0],
					"cubes": [
						{"origin": [-6, -1.09981, -0.49128], "size": [4, 6, 4], "inflate": -1, "uv": [40, 65]}
					]
				},
				{
					"name": "Arm2",
					"parent": "Body",
					"pivot": [4, 7.9, 1.5],
					"cubes": [
						{"origin": [2, 2.9, -0.5], "size": [4, 6, 4], "inflate": -1, "uv": [40, 59], "mirror": true}
					]
				},
				{
					"name": "Elbow2",
					"parent": "Arm2",
					"pivot": [4, 3.9, 1.5],
					"rotation": [-2.5, 0, 0],
					"cubes": [
						{"origin": [2, -1.09952, -0.47819], "size": [4, 6, 4], "inflate": -1, "uv": [40, 65]}
					]
				}
			]
		}
	]
}