{
	"format_version": "1.8.0",
	"animations": {
		"botarium.deploy": {
			"animation_length": 3,
			"bones": {
				"Machine": {
					"rotation": {
						"0.2": {
							"vector": [0, 0, 0]
						},
						"1.6": {
							"vector": [0, 0, 0]
						}
					},
					"position": {
						"0.2": {
							"vector": [0, 0, 0]
						},
						"1.6": {
							"vector": [0, 0, 0]
						}
					},
					"scale": {
						"0.2": {
							"vector": [1, 1, 1]
						},
						"1.6": {
							"vector": [1, 1, 1]
						}
					}
				},
				"screen": {
					"rotation": {
						"0.2": {
							"vector": [22.5, 0, 0]
						},
						"1.04": {
							"vector": [22.5, 0, 0],
							"easing": "easeInElastic"
						},
						"1.32": {
							"vector": [22.5, 0, 0],
							"easing": "linear"
						},
						"1.64": {
							"vector": [-5, 0, 0],
							"easing": "easeOutQuad"
						},
						"1.84": {
							"vector": [0, 0, 0],
							"easing": "easeOutElastic"
						}
					},
					"position": {
						"0.2": {
							"vector": [0, -4, 0]
						},
						"0.64": {
							"vector": [0, -4, 0]
						},
						"1.04": {
							"vector": [0, -4, 0]
						},
						"1.32": {
							"vector": [0, 0, 0]
						}
					},
					"scale": {
						"0.2": {
							"vector": [1, 1, 1]
						},
						"0.64": {
							"vector": [1, 1, 1]
						},
						"1.04": {
							"vector": [1, 1, 1]
						},
						"1.32": {
							"vector": [1, 1.2, 1],
							"easing": "easeOutElastic"
						},
						"2.36": {
							"vector": [1, 1, 1]
						}
					}
				},
				"glass": {
					"rotation": {
						"0.2": {
							"vector": [0, 0, 0]
						},
						"0.96": {
							"vector": [0, 0, 0]
						},
						"1.92": {
							"vector": [0, 0, 0]
						}
					},
					"position": {
						"vector": [0, 0, 0]
					},
					"scale": {
						"0.2": {
							"vector": [1, 0, 1]
						},
						"1.68": {
							"vector": [1, 0, 1],
							"easing": "easeInQuad"
						},
						"2.68": {
							"vector": [1, 1, 1],
							"easing": "easeOutQuart"
						}
					}
				},
				"left_tube": {
					"rotation": {
						"vector": [0, 0, 0]
					},
					"position": {
						"vector": [0, 0, 0]
					},
					"scale": {
						"1.72": {
							"vector": [0, 0, 0]
						},
						"1.88": {
							"vector": [1.2, 1.2, 1.2],
							"easing": "easeOutElastic"
						},
						"2.0": {
							"vector": [1, 1, 1],
							"easing": "easeInQuad"
						}
					}
				},
				"right_tube": {
					"rotation": {
						"vector": [0, 0, 0]
					},
					"position": {
						"vector": [0, 0, 0]
					},
					"scale": {
						"2.12": {
							"vector": [0, 0, 0]
						},
						"2.28": {
							"vector": [1.2, 1.2, 1.2],
							"easing": "easeOutElastic"
						},
						"2.4": {
							"vector": [1, 1, 1],
							"easing": "easeInQuad"
						}
					}
				},
				"top_crochets": {
					"rotation": {
						"vector": [0, 0, 0]
					},
					"position": {
						"vector": [0, -16, 0]
					},
					"scale": {
						"0.2": {
							"vector": [1, 1, 1]
						},
						"0.96": {
							"vector": [1, 1, 1]
						}
					}
				},
				"frontcrochet": {
					"rotation": {
						"0.56": {
							"vector": [45, 0, 0]
						},
						"0.92": {
							"vector": [45, 0, 0]
						},
						"1.96": {
							"vector": [0, 0, 0],
							"easing": "easeOutQuad"
						}
					},
					"position": {
						"0.56": {
							"vector": [0, 0, 0]
						},
						"1.96": {
							"vector": [0, 0, 0]
						}
					},
					"scale": {
						"0.56": {
							"vector": [1, 1, 1]
						},
						"1.96": {
							"vector": [1, 1, 1]
						}
					}
				},
				"rightcrochet": {
					"rotation": {
						"0.56": {
							"vector": [0, 0, 45]
						},
						"0.92": {
							"vector": [0, 0, 45]
						},
						"1.96": {
							"vector": [0, 0, 0],
							"easing": "easeOutQuad"
						}
					},
					"position": {
						"0.56": {
							"vector": [0, 0, 0]
						},
						"1.96": {
							"vector": [0, 0, 0]
						}
					},
					"scale": {
						"vector": [1, 1, 1]
					}
				},
				"leftcrochet": {
					"rotation": {
						"0.56": {
							"vector": [0, 0, -45]
						},
						"0.92": {
							"vector": [0, 0, -45]
						},
						"1.96": {
							"vector": [0, 0, 0],
							"easing": "easeOutQuad"
						}
					},
					"position": {
						"0.56": {
							"vector": [0, 0, 0]
						},
						"1.96": {
							"vector": [0, 0, 0]
						}
					},
					"scale": {
						"vector": [1, 1, 1]
					}
				},
				"backcrochet": {
					"rotation": {
						"0.56": {
							"vector": [45, 0, 0]
						},
						"0.92": {
							"vector": [45, 0, 0]
						},
						"1.96": {
							"vector": [0, 0, 0],
							"easing": "easeOutQuad"
						}
					},
					"position": {
						"0.56": {
							"vector": [0, 0, 0]
						},
						"1.96": {
							"vector": [0, 0, 0]
						}
					},
					"scale": {
						"vector": [1, 1, 1]
					}
				},
				"back_tube": {
					"rotation": {
						"vector": [0, 0, 0]
					},
					"position": {
						"vector": [0, 0, 0]
					},
					"scale": {
						"1.92": {
							"vector": [0, 0, 0]
						},
						"2.08": {
							"vector": [1.2, 1.2, 1.2],
							"easing": "easeOutElastic"
						},
						"2.2": {
							"vector": [1, 1, 1],
							"easing": "easeInQuad"
						}
					}
				},
				"plantsurface": {
					"rotation": {
						"vector": [0, 0, 0]
					},
					"position": {
						"0.2": {
							"vector": [0, -3, 0]
						},
						"0.52": {
							"vector": [0, -3, 0]
						},
						"1.48": {
							"vector": [0, 0, 0],
							"easing": "easeOutElastic"
						}
					},
					"scale": {
						"vector": [1, 1, 1]
					}
				},
				"mediumplatform": {
					"rotation": {
						"0.2": {
							"vector": [0, 0, 0]
						},
						"0.52": {
							"vector": [0, 0, 0]
						}
					},
					"position": {
						"0.2": {
							"vector": [0, -2.25, 0]
						},
						"0.52": {
							"vector": [0, -2.25, 0]
						},
						"1.28": {
							"vector": [0, -0.25, 0],
							"easing": "easeOutElastic"
						}
					},
					"scale": {
						"0.2": {
							"vector": [1, 1, 1]
						},
						"0.52": {
							"vector": [1, 1.1, 1],
							"easing": "easeInQuad"
						},
						"1.56": {
							"vector": [1, 1, 1],
							"easing": "easeOutElastic"
						}
					}
				},
				"baseplatform": {
					"rotation": {
						"vector": [0, 0, 0]
					},
					"position": {
						"vector": [0, 0, 0]
					},
					"scale": {
						"vector": [1, 1, 1]
					}
				},
				"topplatform": {
					"rotation": {
						"vector": [0, 0, 0]
					},
					"position": {
						"vector": [0, -16, 0]
					},
					"scale": {
						"vector": [1, 1, 1]
					}
				},
				"ceilingplatform": {
					"rotation": {
						"vector": [0, 0, 0]
					},
					"position": {
						"vector": [0, -16, 0]
					},
					"scale": {
						"vector": [1, 1, 1]
					}
				},
				"Box": {
					"rotation": {
						"vector": [0, 0, 0]
					},
					"position": {
						"vector": [0, 0, 0]
					},
					"scale": {
						"0.36": {
							"vector": [1, 1, 1]
						},
						"1.16": {
							"vector": [1, 1.15, 1],
							"easing": "easeInOutQuad"
						},
						"2.36": {
							"vector": [1, 1, 1]
						},
						"2.76": {
							"vector": [0, 0, 0]
						}
					}
				},
				"frontpanel": {
					"rotation": {
						"0.2": {
							"vector": [0, 0, 0]
						},
						"1.6": {
							"vector": [90, 0, 0],
							"easing": "easeInOutSine"
						}
					},
					"position": {
						"0.2": {
							"vector": [0, 0, 0]
						},
						"1.6": {
							"vector": [0, 0, 0],
							"easing": "easeInOutElastic"
						},
						"2.2": {
							"vector": [0, 0, 16]
						}
					},
					"scale": {
						"vector": [1, 1, 1]
					}
				},
				"rightpanel": {
					"rotation": {
						"0.2": {
							"vector": [0, 0, 0]
						},
						"1.6": {
							"vector": [0, 0, 90],
							"easing": "easeInOutSine"
						}
					},
					"position": {
						"0.2": {
							"vector": [0, 0, 0]
						},
						"1.6": {
							"vector": [0, 0, 0],
							"easing": "easeInOutElastic"
						},
						"2.2": {
							"vector": [-16, 0, 0]
						}
					},
					"scale": {
						"vector": [1, 1, 1]
					}
				},
				"leftpanel": {
					"rotation": {
						"0.2": {
							"vector": [0, 0, 0]
						},
						"1.6": {
							"vector": [0, 0, -90],
							"easing": "easeInOutSine"
						}
					},
					"position": {
						"0.2": {
							"vector": [0, 0, 0]
						},
						"1.6": {
							"vector": [0, 0, 0],
							"easing": "easeInOutElastic"
						},
						"2.2": {
							"vector": [16, 0, 0]
						}
					},
					"scale": {
						"vector": [1, 1, 1]
					}
				},
				"backpanel": {
					"rotation": {
						"0.2": {
							"vector": [0, 0, 0]
						},
						"1.6": {
							"vector": [-90, 0, 0],
							"easing": "easeInOutSine"
						}
					},
					"position": {
						"0.2": {
							"vector": [0, 0, 0]
						},
						"1.6": {
							"vector": [0, 0, 0],
							"easing": "easeInOutElastic"
						},
						"2.2": {
							"vector": [0, 0, -16]
						}
					},
					"scale": {
						"vector": [1, 1, 1]
					}
				},
				"toppanel": {
					"rotation": {
						"0.2": {
							"vector": [0, 0, 0]
						},
						"0.8": {
							"vector": [0, 0, 23.33],
							"easing": "easeInQuad"
						},
						"1.6": {
							"vector": [0, 0, -87.5],
							"easing": "easeInOutQuad"
						}
					},
					"position": {
						"vector": [0, 0, 0]
					},
					"scale": {
						"vector": [1, 1, 1]
					}
				},
				"topmachine": {
					"rotation": {
						"0.2": {
							"vector": [0, 180, 0]
						},
						"0.88": {
							"vector": [0, 180, 0],
							"easing": "easeInQuad"
						},
						"1.6": {
							"vector": [0, 0, 0],
							"easing": "easeOutQuad"
						}
					},
					"position": {
						"0.2": {
							"vector": [0, -5, 0]
						},
						"0.88": {
							"vector": [0, -5, 0],
							"easing": "easeInQuad"
						},
						"1.6": {
							"vector": [0, 16, 0],
							"easing": "easeOutQuad"
						}
					},
					"scale": {
						"0.2": {
							"vector": [1, 1, 1]
						},
						"0.88": {
							"vector": [1, 1, 1],
							"easing": "easeInElastic"
						},
						"1.24": {
							"vector": [1, 1.3, 1],
							"easing": "easeInOutQuad"
						},
						"1.6": {
							"vector": [1, 1, 1],
							"easing": "easeOutElastic",
							"easingArgs": [1]
						}
					}
				}
			}
		},
		"botarium.idle": {
			"loop": true,
			"animation_length": 1,
			"bones": {
				"Machine": {
					"rotation": {
						"0.0": {
							"vector": [0, 0, 0]
						},
						"1.0": {
							"vector": [0, 0, 0]
						}
					},
					"position": {
						"0.0": {
							"vector": [0, 0, 0]
						},
						"1.0": {
							"vector": [0, 0, 0]
						}
					},
					"scale": {
						"0.0": {
							"vector": [1, 1, 1]
						},
						"1.0": {
							"vector": [1, 1, 1]
						}
					}
				},
				"Box": {
					"scale": {
						"0.0": {
							"vector": [0, 0, 0]
						},
						"1.0": {
							"vector": [0, 0, 0]
						}
					}
				}
			}
		}
	},
	"geckolib_format_version": 2
}