{
	"format_version": "1.8.0",
	"animations": {
		"misc.spawn": {
			"animation_length": 4.36,
			"bones": {
				"head": {
					"rotation": {
						"0.0": {
							"vector": [0, 0, 0]
						},
						"0.2": {
							"vector": [0, 0, 27.5],
							"easing": "easeOutBack",
							"easingArgs": [5]
						},
						"0.52": {
							"vector": [0, 0, 27.5]
						},
						"1.08": {
							"vector": [0, 0, 115],
							"easing": "easeInElastic"
						},
						"1.56": {
							"vector": [0, 0, 115]
						},
						"2.24": {
							"vector": [0, 0, 205],
							"easing": "easeInOutExpo"
						},
						"2.84": {
							"vector": [0, 0, 205]
						},
						"3.16": {
							"vector": [-90.49724, -20.38834, 180.27398],
							"easing": "easeOutBack",
							"easingArgs": [0]
						}
					},
					"position": {
						"0.0": {
							"vector": [0, 0, 0]
						},
						"2.88": {
							"vector": [0, 0, 0]
						},
						"3.16": {
							"vector": [0, -14, -3],
							"easing": "easeOutCirc"
						},
						"3.48": {
							"vector": [0, -14, -3]
						},
						"4.0": {
							"vector": [0, -18.05, -3]
						}
					},
					"scale": {
						"0.0": {
							"vector": [1, 1, 1]
						},
						"3.48": {
							"vector": [1, 1, 1]
						},
						"4.08": {
							"vector": [0.04, -0.0333, 0.0133],
							"easing": "easeInBack"
						}
					}
				},
				"tentacle1": {
					"rotation": {
						"3.36": {
							"vector": [0, 0, 0]
						},
						"3.84": {
							"vector": [-22.5, 0, 132.5]
						},
						"4.24": {
							"vector": [-16.06302, -4.05265, 152.40747]
						}
					},
					"position": {
						"3.36": {
							"vector": [0, 0, 0]
						},
						"3.84": {
							"vector": [0, 0, -7]
						},
						"4.24": {
							"vector": [0, 0, -7]
						}
					},
					"scale": {
						"vector": [1, 1, 1]
					}
				},
				"bone": {
					"rotation": {
						"3.72": {
							"vector": [-57.5, 0, 0]
						},
						"4.24": {
							"vector": [-15, 0, 0]
						}
					},
					"position": {
						"3.72": {
							"vector": [0, -6, -28]
						},
						"3.84": {
							"vector": [0, -7.7, -23.15]
						},
						"4.24": {
							"vector": [0, -4.7, -7]
						}
					}
				},
				"tentacle2": {
					"rotation": {
						"3.36": {
							"vector": [0, 0, 0]
						},
						"3.72": {
							"vector": [5, 0, -92.5]
						}
					},
					"position": {
						"3.36": {
							"vector": [0, 0, 0]
						},
						"3.72": {
							"vector": [0, 0, -11]
						}
					},
					"scale": {
						"vector": [1, 1, 1]
					}
				},
				"bone3": {
					"rotation": {
						"3.72": {
							"vector": [0, 0, 0]
						},
						"4.16": {
							"vector": [22.5, 27.5, 0]
						}
					},
					"position": {
						"3.72": {
							"vector": [0, 0, 0]
						},
						"3.84": {
							"vector": [3.82, 3, 1.54]
						},
						"3.96": {
							"vector": [7.64, 6, 3.09]
						},
						"4.16": {
							"vector": [14, 11, 2]
						}
					},
					"scale": {
						"3.72": {
							"vector": [1, 1, 1]
						},
						"4.16": {
							"vector": [1, 1, 1]
						}
					}
				},
				"tentacle3": {
					"rotation": {
						"3.52": {
							"vector": [-15, 0, 0]
						},
						"3.76": {
							"vector": [-10, 0, 0]
						},
						"4.16": {
							"vector": [45, 0, 0]
						}
					},
					"position": {
						"3.36": {
							"vector": [0, 0, 0]
						},
						"3.8": {
							"vector": [0, 0, -12]
						}
					},
					"scale": {
						"vector": [1, 1, 1]
					}
				},
				"bone5": {
					"rotation": {
						"3.92": {
							"vector": [0, 0, 0]
						},
						"4.16": {
							"vector": [-20, 0, 0]
						}
					},
					"position": {
						"3.92": {
							"vector": [0, 0, 0]
						},
						"4.16": {
							"vector": [0, -6, -8]
						}
					}
				},
				"tentacle4": {
					"rotation": {
						"3.36": {
							"vector": [0, 0, 0]
						},
						"3.72": {
							"vector": [12.5, 0, -55]
						},
						"4.12": {
							"vector": [6.24237, -17.90782, -18.56151]
						}
					},
					"position": {
						"3.36": {
							"vector": [2, -2, 0]
						},
						"3.72": {
							"vector": [5, -6, -10]
						},
						"4.12": {
							"vector": [2, -6, -10]
						}
					}
				}
			}
		},
		"misc.idle": {
			"loop": true,
			"animation_length": 1.76,
			"bones": {
				"head": {
					"position": {
						"vector": [0, 0, 8]
					},
					"scale": {
						"vector": [0.3, 0.2, 0.3]
					}
				},
				"tentacle1": {
					"rotation": {
						"0.0": {
							"vector": [-16.06302, -4.05265, 152.40747]
						},
						"0.84": {
							"vector": [-23.56302, -4.05265, 152.40747],
							"easing": "easeOutBack",
							"easingArgs": [5]
						},
						"1.72": {
							"vector": [-16.06302, -4.05265, 152.40747]
						}
					},
					"position": {
						"vector": [0, 0, -7]
					}
				},
				"bone": {
					"rotation": {
						"0.0": {
							"vector": [-15, 0, 0]
						},
						"0.84": {
							"vector": [-22.5, 0, 0],
							"easing": "easeInBack",
							"easingArgs": [0]
						},
						"1.72": {
							"vector": [-15, 0, 0]
						}
					},
					"position": {
						"0.0": {
							"vector": [0, -4.7, -7]
						},
						"0.84": {
							"vector": [0, -6.1, -10],
							"easing": "easeInBack",
							"easingArgs": [0]
						},
						"1.72": {
							"vector": [0, -4.7, -7]
						}
					}
				},
				"tentacle2": {
					"rotation": {
						"0.0": {
							"vector": [5, 0, -92.5]
						},
						"0.84": {
							"vector": [5.28539, 7.45022, -91.59075],
							"easing": "easeOutBack",
							"easingArgs": [5]
						},
						"1.72": {
							"vector": [5, 0, -92.5]
						}
					},
					"position": {
						"vector": [0, 0, -11]
					}
				},
				"bone3": {
					"rotation": {
						"0.0": {
							"vector": [22.5, 27.5, 0]
						},
						"0.84": {
							"vector": [25.03264, 36.65796, 4.7516]
						},
						"1.72": {
							"vector": [22.5, 27.5, 0]
						}
					},
					"position": {
						"0.0": {
							"vector": [14, 11, 2]
						},
						"0.84": {
							"vector": [17.2, 10.6, 0]
						},
						"1.72": {
							"vector": [14, 11, 2]
						}
					},
					"scale": {
						"vector": [1, 1, 1]
					}
				},
				"tentacle3": {
					"rotation": {
						"0.0": {
							"vector": [45, 0, 0]
						},
						"0.84": {
							"vector": [35, 0, 0],
							"easing": "easeInElastic",
							"easingArgs": [1]
						},
						"1.72": {
							"vector": [45, 0, 0],
							"easing": "easeInCirc"
						}
					},
					"position": {
						"vector": [0, 0, -12]
					}
				},
				"bone5": {
					"rotation": {
						"vector": [-20, 0, 0]
					},
					"position": {
						"vector": [0, -6, -9]
					}
				},
				"tentacle4": {
					"rotation": {
						"0.0": {
							"vector": [6.24237, -17.90782, -18.56151]
						},
						"0.84": {
							"vector": [13.74237, -17.90782, -18.56151],
							"easing": "easeInBack",
							"easingArgs": [0]
						},
						"1.72": {
							"vector": [6.24237, -17.90782, -18.56151],
							"easing": "easeOutBack"
						}
					},
					"position": {
						"vector": [2, -6, -10]
					}
				},
				"bone7": {
					"rotation": {
						"vector": [-10, 0, 0]
					},
					"position": {
						"vector": [0, -3, -5]
					}
				},
				"bone8": {
					"scale": {
						"vector": [1, 1, 1.03]
					}
				}
			}
		},
		"attack.strike": {
			"loop": false,
			"animation_length": 0.84,
			"bones": {
				"head": {
					"position": {
						"vector": [0, 0, 8]
					},
					"scale": {
						"vector": [0.3, 0.2, 0.3]
					}
				},
				"tentacle1": {
					"rotation": {
						"0.0": {
							"vector": [-16.06302, -4.05265, 152.40747]
						},
						"0.4": {
							"vector": [11.27437, 19.64615, 146.97162],
							"easing": "easeInBack",
							"easingArgs": [5]
						},
						"0.76": {
							"vector": [-16.06302, -4.05265, 152.40747]
						}
					},
					"position": {
						"0.0": {
							"vector": [0, 0, -7]
						},
						"0.76": {
							"vector": [0, 0, -7]
						}
					},
					"scale": {
						"0.0": {
							"vector": [1, 1, 1]
						},
						"0.4": {
							"vector": [1, 0.7, 1.6],
							"easing": "easeInBack",
							"easingArgs": [5]
						},
						"0.76": {
							"vector": [1, 1, 1]
						}
					}
				},
				"bone": {
					"rotation": {
						"vector": [-15, 0, 0]
					},
					"position": {
						"vector": [0, -4.7, -7]
					}
				},
				"tentacle2": {
					"rotation": {
						"0.0": {
							"vector": [5, 0, -92.5]
						},
						"0.4": {
							"vector": [4.81243, -9.9384, -93.62537],
							"easing": "easeInBack",
							"easingArgs": [5]
						},
						"0.76": {
							"vector": [5, 0, -92.5]
						}
					},
					"position": {
						"0.0": {
							"vector": [0, 0, -11]
						},
						"0.76": {
							"vector": [0, 0, -11]
						}
					},
					"scale": {
						"0.0": {
							"vector": [1, 1, 1]
						},
						"0.4": {
							"vector": [1.1, 1, 1.2],
							"easing": "easeInBack",
							"easingArgs": [5]
						},
						"0.76": {
							"vector": [1, 1, 1]
						}
					}
				},
				"bone3": {
					"rotation": {
						"vector": [22.5, 27.5, 0]
					},
					"position": {
						"vector": [14, 11, 2]
					},
					"scale": {
						"vector": [1, 1, 1]
					}
				},
				"tentacle3": {
					"rotation": {
						"0.0": {
							"vector": [45, 0, 0]
						},
						"0.4": {
							"vector": [22.5, 0, 0],
							"easing": "easeInBack",
							"easingArgs": [5]
						},
						"0.76": {
							"vector": [45, 0, 0]
						}
					},
					"position": {
						"0.0": {
							"vector": [0, 0, -12]
						},
						"0.76": {
							"vector": [0, 0, -12]
						}
					},
					"scale": {
						"0.0": {
							"vector": [1, 1, 1]
						},
						"0.4": {
							"vector": [1, 1, 1.7],
							"easing": "easeInBack",
							"easingArgs": [5]
						},
						"0.76": {
							"vector": [1, 1, 1]
						}
					}
				},
				"bone5": {
					"rotation": {
						"vector": [-20, 0, 0]
					},
					"position": {
						"vector": [0, -6, -9]
					}
				},
				"tentacle4": {
					"rotation": {
						"0.0": {
							"vector": [6.24237, -17.90782, -18.56151]
						},
						"0.4": {
							"vector": [-18.75763, -17.90782, -18.56151],
							"easing": "easeInBack",
							"easingArgs": [5]
						},
						"0.76": {
							"vector": [6.24237, -17.90782, -18.56151]
						}
					},
					"position": {
						"0.0": {
							"vector": [2, -6, -10]
						},
						"0.76": {
							"vector": [2, -6, -10]
						}
					},
					"scale": {
						"0.0": {
							"vector": [1, 1, 1]
						},
						"0.4": {
							"vector": [1, 0.8, 1.5],
							"easing": "easeInBack",
							"easingArgs": [5]
						},
						"0.76": {
							"vector": [1, 1, 1]
						}
					}
				},
				"bone7": {
					"rotation": {
						"vector": [-10, 0, 0]
					},
					"position": {
						"vector": [0, -3, -5]
					}
				},
				"bone8": {
					"scale": {
						"vector": [1, 1, 1.03]
					}
				}
			}
		},
		"move.swim": {
			"loop": true,
			"animation_length": 1.76,
			"bones": {
				"head": {
					"position": {
						"vector": [0, 0, 8]
					},
					"scale": {
						"vector": [0.3, 0.2, 0.3]
					}
				},
				"tentacle1": {
					"rotation": {
						"0.0": {
							"vector": [-16.06302, -4.05265, 152.40747]
						},
						"0.84": {
							"vector": [-23.56302, -4.05265, 152.40747],
							"easing": "easeOutBack",
							"easingArgs": [5]
						},
						"1.72": {
							"vector": [-16.06302, -4.05265, 152.40747]
						}
					},
					"position": {
						"vector": [0, 0, -7]
					}
				},
				"bone": {
					"rotation": {
						"0.0": {
							"vector": [-15, 0, 0]
						},
						"0.84": {
							"vector": [-22.5, 0, 0],
							"easing": "easeInBack",
							"easingArgs": [0]
						},
						"1.72": {
							"vector": [-15, 0, 0]
						}
					},
					"position": {
						"0.0": {
							"vector": [0, -4.7, -7]
						},
						"0.84": {
							"vector": [0, -6.1, -10],
							"easing": "easeInBack",
							"easingArgs": [0]
						},
						"1.72": {
							"vector": [0, -4.7, -7]
						}
					}
				},
				"tentacle2": {
					"rotation": {
						"0.0": {
							"vector": [5, 0, -92.5]
						},
						"0.84": {
							"vector": [5.28539, 7.45022, -91.59075],
							"easing": "easeOutBack",
							"easingArgs": [5]
						},
						"1.72": {
							"vector": [5, 0, -92.5]
						}
					},
					"position": {
						"vector": [0, 0, -11]
					}
				},
				"bone3": {
					"rotation": {
						"0.0": {
							"vector": [22.5, 27.5, 0]
						},
						"0.84": {
							"vector": [25.03264, 36.65796, 4.7516]
						},
						"1.72": {
							"vector": [22.5, 27.5, 0]
						}
					},
					"position": {
						"0.0": {
							"vector": [14, 11, 2]
						},
						"0.84": {
							"vector": [17.2, 10.6, 0]
						},
						"1.72": {
							"vector": [14, 11, 2]
						}
					},
					"scale": {
						"vector": [1, 1, 1]
					}
				},
				"tentacle3": {
					"rotation": {
						"0.0": {
							"vector": [45, 0, 0]
						},
						"0.84": {
							"vector": [35, 0, 0],
							"easing": "easeInElastic",
							"easingArgs": [1]
						},
						"1.72": {
							"vector": [45, 0, 0],
							"easing": "easeInCirc"
						}
					},
					"position": {
						"vector": [0, 0, -12]
					}
				},
				"bone5": {
					"rotation": {
						"vector": [-20, 0, 0]
					},
					"position": {
						"vector": [0, -6, -9]
					}
				},
				"tentacle4": {
					"rotation": {
						"0.0": {
							"vector": [6.24237, -17.90782, -18.56151]
						},
						"0.84": {
							"vector": [13.74237, -17.90782, -18.56151],
							"easing": "easeInBack",
							"easingArgs": [0]
						},
						"1.72": {
							"vector": [6.24237, -17.90782, -18.56151],
							"easing": "easeOutBack"
						}
					},
					"position": {
						"vector": [2, -6, -10]
					}
				},
				"bone7": {
					"rotation": {
						"vector": [-10, 0, 0]
					},
					"position": {
						"vector": [0, -3, -5]
					}
				},
				"bone8": {
					"scale": {
						"vector": [1, 1, 1.03]
					}
				}
			}
		},
		"move.walk": {
			"loop": true,
			"animation_length": 1.92,
			"bones": {
				"head": {
					"position": {
						"vector": [0, 0, 8]
					},
					"scale": {
						"vector": [0.3, 0.2, 0.3]
					}
				},
				"tentacle1": {
					"rotation": {
						"0.0": {
							"vector": [-16.06302, -4.05265, 152.40747]
						},
						"0.84": {
							"vector": [-23.56302, -4.05265, 152.40747],
							"easing": "easeOutBack",
							"easingArgs": [5]
						},
						"1.72": {
							"vector": [-16.06302, -4.05265, 152.40747]
						}
					},
					"position": {
						"vector": [0, 0, -7]
					}
				},
				"bone": {
					"rotation": {
						"0.0": {
							"vector": [-15, 0, 0]
						},
						"0.84": {
							"vector": [-22.5, 0, 0],
							"easing": "easeInBack",
							"easingArgs": [0]
						},
						"1.72": {
							"vector": [-15, 0, 0]
						}
					},
					"position": {
						"0.0": {
							"vector": [0, -4.7, -7]
						},
						"0.84": {
							"vector": [0, -6.1, -10],
							"easing": "easeInBack",
							"easingArgs": [0]
						},
						"1.72": {
							"vector": [0, -4.7, -7]
						}
					}
				},
				"tentacle2": {
					"rotation": {
						"0.0": {
							"vector": [5, 0, -92.5]
						},
						"0.84": {
							"vector": [5.28539, 7.45022, -91.59075],
							"easing": "easeOutBack",
							"easingArgs": [5]
						},
						"1.72": {
							"vector": [5, 0, -92.5]
						}
					},
					"position": {
						"vector": [0, 0, -11]
					}
				},
				"bone3": {
					"rotation": {
						"0.0": {
							"vector": [22.5, 27.5, 0]
						},
						"0.84": {
							"vector": [25.03264, 36.65796, 4.7516]
						},
						"1.72": {
							"vector": [22.5, 27.5, 0]
						}
					},
					"position": {
						"0.0": {
							"vector": [14, 11, 2]
						},
						"0.84": {
							"vector": [17.2, 10.6, 0]
						},
						"1.72": {
							"vector": [14, 11, 2]
						}
					},
					"scale": {
						"vector": [1, 1, 1]
					}
				},
				"tentacle3": {
					"rotation": {
						"0.0": {
							"vector": [45, 0, 0]
						},
						"0.84": {
							"vector": [35, 0, 0],
							"easing": "easeInElastic",
							"easingArgs": [1]
						},
						"1.72": {
							"vector": [45, 0, 0],
							"easing": "easeInCirc"
						}
					},
					"position": {
						"vector": [0, 0, -12]
					}
				},
				"bone5": {
					"rotation": {
						"vector": [-20, 0, 0]
					},
					"position": {
						"vector": [0, -6, -9]
					}
				},
				"tentacle4": {
					"rotation": {
						"0.0": {
							"vector": [6.24237, -17.90782, -18.56151]
						},
						"0.84": {
							"vector": [13.74237, -17.90782, -18.56151],
							"easing": "easeInBack",
							"easingArgs": [0]
						},
						"1.72": {
							"vector": [6.24237, -17.90782, -18.56151],
							"easing": "easeOutBack"
						}
					},
					"position": {
						"vector": [2, -6, -10]
					}
				},
				"bone7": {
					"rotation": {
						"vector": [-10, 0, 0]
					},
					"position": {
						"vector": [0, -3, -5]
					}
				},
				"bone8": {
					"scale": {
						"vector": [1, 1, 1.03]
					}
				},
				"bone9": {
					"rotation": {
						"0.0": {
							"vector": [0, 0, 0]
						},
						"0.16": {
							"vector": [7.5, 0, 0]
						},
						"0.32": {
							"vector": [0, 0, 0]
						},
						"0.48": {
							"vector": [7.5, 0, 0]
						},
						"0.64": {
							"vector": [0, 0, 0]
						},
						"0.8": {
							"vector": [7.5, 0, 0]
						},
						"0.96": {
							"vector": [0, 0, 0]
						},
						"1.12": {
							"vector": [7.5, 0, 0]
						},
						"1.28": {
							"vector": [0, 0, 0]
						},
						"1.44": {
							"vector": [7.5, 0, 0]
						},
						"1.6": {
							"vector": [0, 0, 0]
						},
						"1.76": {
							"vector": [7.5, 0, 0]
						},
						"1.92": {
							"vector": [0, 0, 0]
						}
					},
					"position": {
						"0.0": {
							"vector": [0, 0, 0]
						},
						"0.16": {
							"vector": [0, 0, -2]
						},
						"0.32": {
							"vector": [0, 0, -1]
						},
						"0.48": {
							"vector": [0, 0, -2]
						},
						"0.64": {
							"vector": [0, 0, 0]
						},
						"0.8": {
							"vector": [0, 0, -2]
						},
						"0.96": {
							"vector": [0, 0, -1]
						},
						"1.12": {
							"vector": [0, 0, -2]
						},
						"1.28": {
							"vector": [0, 0, 0]
						},
						"1.44": {
							"vector": [0, 0, -2]
						},
						"1.6": {
							"vector": [0, 0, -1]
						},
						"1.76": {
							"vector": [0, 0, -2]
						},
						"1.92": {
							"vector": [0, 0, -1]
						}
					}
				},
				"leg1": {
					"rotation": {
						"0.0": {
							"vector": [0, 0, 0]
						},
						"0.16": {
							"vector": [10, 0, 0]
						},
						"0.32": {
							"vector": [0, 0, 0]
						},
						"0.48": {
							"vector": [-10, 0, 0]
						},
						"0.64": {
							"vector": [0, 0, 0]
						},
						"0.8": {
							"vector": [10, 0, 0]
						},
						"0.96": {
							"vector": [0, 0, 0]
						},
						"1.12": {
							"vector": [-10, 0, 0]
						},
						"1.28": {
							"vector": [0, 0, 0]
						},
						"1.44": {
							"vector": [10, 0, 0]
						},
						"1.6": {
							"vector": [0, 0, 0]
						},
						"1.76": {
							"vector": [-10, 0, 0]
						},
						"1.92": {
							"vector": [0, 0, 0]
						}
					},
					"scale": {
						"0.0": {
							"vector": [1, 1, 1]
						},
						"0.16": {
							"vector": [1, 1.1, 1]
						},
						"0.32": {
							"vector": [1, 1, 1]
						},
						"0.48": {
							"vector": [1, 1.1, 1]
						},
						"0.64": {
							"vector": [1, 1, 1]
						},
						"0.8": {
							"vector": [1, 1.1, 1]
						},
						"0.96": {
							"vector": [1, 1, 1]
						},
						"1.12": {
							"vector": [1, 1.1, 1]
						},
						"1.28": {
							"vector": [1, 1, 1]
						},
						"1.44": {
							"vector": [1, 1.1, 1]
						},
						"1.6": {
							"vector": [1, 1, 1]
						},
						"1.76": {
							"vector": [1, 1.1, 1]
						},
						"1.92": {
							"vector": [1, 1, 1]
						}
					}
				},
				"leg2": {
					"rotation": {
						"0.0": {
							"vector": [0, 0, 0]
						},
						"0.16": {
							"vector": [-10, 0, 0]
						},
						"0.32": {
							"vector": [0, 0, 0]
						},
						"0.48": {
							"vector": [10, 0, 0]
						},
						"0.64": {
							"vector": [0, 0, 0]
						},
						"0.8": {
							"vector": [-10, 0, 0]
						},
						"0.96": {
							"vector": [0, 0, 0]
						},
						"1.12": {
							"vector": [10, 0, 0]
						},
						"1.28": {
							"vector": [0, 0, 0]
						},
						"1.44": {
							"vector": [-10, 0, 0]
						},
						"1.6": {
							"vector": [0, 0, 0]
						},
						"1.76": {
							"vector": [10, 0, 0]
						},
						"1.92": {
							"vector": [0, 0, 0]
						}
					},
					"scale": {
						"0.0": {
							"vector": [1, 1, 1]
						},
						"0.16": {
							"vector": [1, 1.1, 1]
						},
						"0.32": {
							"vector": [1, 1, 1]
						},
						"0.48": {
							"vector": [1, 1.1, 1]
						},
						"0.64": {
							"vector": [1, 1, 1]
						},
						"0.8": {
							"vector": [1, 1.1, 1]
						},
						"0.96": {
							"vector": [1, 1, 1]
						},
						"1.12": {
							"vector": [1, 1.1, 1]
						},
						"1.28": {
							"vector": [1, 1, 1]
						},
						"1.44": {
							"vector": [1, 1.1, 1]
						},
						"1.6": {
							"vector": [1, 1, 1]
						},
						"1.76": {
							"vector": [1, 1.1, 1]
						},
						"1.92": {
							"vector": [1, 1, 1]
						}
					}
				},
				"leg3": {
					"rotation": {
						"0.0": {
							"vector": [0, 0, 0]
						},
						"0.08": {
							"vector": [-15.0547, 4.82922, -1.29717]
						},
						"0.16": {
							"vector": [-30, 0, 0]
						},
						"0.24": {
							"vector": [-15.12353, -7.24305, 1.95155]
						},
						"0.32": {
							"vector": [0, 0, 0]
						},
						"0.4": {
							"vector": [15.0547, 4.82922, 1.29717]
						},
						"0.48": {
							"vector": [30, 0, 0]
						},
						"0.56": {
							"vector": [15.0547, -4.82922, -1.29717]
						},
						"0.64": {
							"vector": [0, 0, 0]
						},
						"0.72": {
							"vector": [-15.0547, 4.82922, -1.29717]
						},
						"0.8": {
							"vector": [-30, 0, 0]
						},
						"0.88": {
							"vector": [-15.0547, -4.82922, 1.29717]
						},
						"0.96": {
							"vector": [0, 0, 0]
						},
						"1.04": {
							"vector": [15.0547, 4.82922, 1.29717]
						},
						"1.12": {
							"vector": [30, 0, 0]
						},
						"1.2": {
							"vector": [15.0547, -4.82922, -1.29717]
						},
						"1.28": {
							"vector": [0, 0, 0]
						},
						"1.36": {
							"vector": [-15.0547, 4.82922, -1.29717]
						},
						"1.44": {
							"vector": [-30, 0, 0]
						},
						"1.52": {
							"vector": [-15.0547, -4.82922, 1.29717]
						},
						"1.6": {
							"vector": [0, 0, 0]
						},
						"1.68": {
							"vector": [15.0547, 4.82922, 1.29717]
						},
						"1.76": {
							"vector": [30, 0, 0]
						},
						"1.84": {
							"vector": [15.0547, -4.82922, -1.29717]
						},
						"1.92": {
							"vector": [0, 0, 0]
						}
					}
				},
				"leg4": {
					"rotation": {
						"0.0": {
							"vector": [0, 0, 0]
						},
						"0.08": {
							"vector": [13.80052, -4.85636, -1.19128]
						},
						"0.16": {
							"vector": [27.5, 0, 0]
						},
						"0.24": {
							"vector": [13.80052, 4.85636, 1.19128]
						},
						"0.32": {
							"vector": [0, 0, 0]
						},
						"0.4": {
							"vector": [-13.80052, -4.85636, 1.19128]
						},
						"0.48": {
							"vector": [-27.5, 0, 0]
						},
						"0.56": {
							"vector": [-13.86409, 7.28388, -1.79231]
						},
						"0.64": {
							"vector": [0, 0, 0]
						},
						"0.72": {
							"vector": [13.80052, -4.85636, -1.19128]
						},
						"0.8": {
							"vector": [27.5, 0, 0]
						},
						"0.88": {
							"vector": [13.80052, 4.85636, 1.19128]
						},
						"0.96": {
							"vector": [0, 0, 0]
						},
						"1.04": {
							"vector": [-13.7626, -2.42831, 0.59457]
						},
						"1.12": {
							"vector": [-27.5, 0, 0]
						},
						"1.2": {
							"vector": [-13.80052, 4.85636, -1.19128]
						},
						"1.28": {
							"vector": [0, 0, 0]
						},
						"1.36": {
							"vector": [13.80052, -4.85636, -1.19128]
						},
						"1.44": {
							"vector": [27.5, 0, 0]
						},
						"1.52": {
							"vector": [13.80052, 4.85636, 1.19128]
						},
						"1.6": {
							"vector": [0, 0, 0]
						},
						"1.68": {
							"vector": [-13.86409, -7.28388, 1.79231]
						},
						"1.76": {
							"vector": [-27.5, 0, 0]
						},
						"1.84": {
							"vector": [-13.80052, 4.85636, -1.19128]
						},
						"1.92": {
							"vector": [0, 0, 0]
						}
					}
				}
			}
		}
	},
	"geckolib_format_version": 2
}