{
	"format_version": "1.8.0",
	"animations": {
		"move.drive": {
			"loop": true,
			"animation_length": 1,
			"bones": {
				"racecar": {
					"position": {
						"vector": [0, "math.sin(query.anim_time * 360) * 0.2 ", "math.cos(query.anim_time * 360) * 0.2"]
					}
				},
				"backwheels": {
					"rotation": {
						"0.0": {
							"vector": [0, 0, 0]
						},
						"1.0": {
							"vector": [360, 0, 0]
						}
					},
					"position": {
						"vector": [0, "math.sin(query.anim_time * 360) * 0.2 ", "math.cos(query.anim_time * 360) * 0.2"]
					}
				},
				"frontwheels": {
					"rotation": {
						"0.0": {
							"vector": [0, 0, 0]
						},
						"1.0": {
							"vector": [360, 0, 0]
						}
					},
					"position": {
						"vector": [0, "math.cos(query.anim_time * 360) * 0.2 ", "math.sin(query.anim_time * 360) * 0.2"]
					}
				}
			},
			"sound_effects": {
				"0.0": {
					"effect": "drive"
				}
			}
		},
		"misc.idle": {
			"loop": true,
			"animation_length": 1,
			"bones": {
				"racecar": {
					"position": {
						"vector": [0, "math.sin(query.anim_time * 360) * 0.1 ", 0]
					}
				},
				"backwheels": {
					"position": {
						"vector": [0, "math.sin(query.anim_time * 360) * -0.1", 0]
					}
				},
				"frontwheels": {
					"position": {
						"vector": [0, "math.sin(query.anim_time * 360) * -0.1", 0]
					}
				}
			},
			"sound_effects": {
				"0.0": {
					"effect": "idle"
				}
			}
		}
	},
	"geckolib_format_version": 2
}