{
	"format_version": "1.12.0",
	"minecraft:geometry": [
		{
			"description": {
				"identifier": "geometry.gecko_habitat",
				"texture_width": 96,
				"texture_height": 96,
				"visible_bounds_width": 4,
				"visible_bounds_height": 2.5,
				"visible_bounds_offset": [0, 0.75, 0]
			},
			"bones": [
				{
					"name": "root",
					"pivot": [0, 0, 0],
					"cubes": [
						{"origin": [-24, 0, -8], "size": [32, 16, 16], "uv": [0, 0]},
						{"origin": [-24, 1, -8], "size": [32, 0, 16], "inflate": -0.01, "uv": [-16, 32]},
						{"origin": [-23.99, 1, 2.99], "size": [6, 10, 5], "uv": [74, 32]},
						{"origin": [-20.99, 1, 2.98], "size": [5, 8, 5], "uv": [74, 32], "mirror": true},
						{"origin": [-21.99, 1, 0.98], "size": [5, 7, 5], "uv": [74, 32], "mirror": true},
						{"origin": [-23.98, 1, -1.02], "size": [5, 5, 5], "uv": [74, 32], "mirror": true},
						{"origin": [-17.98, 1, 1.98], "size": [5, 5, 5], "uv": [74, 32], "mirror": true},
						{"origin": [-18, 1, 2], "size": [2, 1, 2], "pivot": [0, 0, 0], "rotation": [0, -22.5, 0], "uv": [0, 63]},
						{"origin": [-19, 3, 4], "size": [2, 2, 2], "pivot": [0, 0, 0], "rotation": [10, -10, 0], "uv": [0, 63]},
						{"origin": [-2, 1, -4], "size": [1, 1, 2], "pivot": [0, 0, 0], "rotation": [5, 22.5, 0], "uv": [0, 63]},
						{"origin": [-16, 9, 9], "size": [1, 1, 2], "pivot": [0, 0, 0], "rotation": [0, -15, 0], "uv": [0, 63]},
						{"origin": [2, 1, 6], "size": [1, 1, 1], "pivot": [0, 0, 0], "rotation": [0, 22.5, 0], "uv": [1, 64]}
					]
				},
				{
					"name": "branch",
					"parent": "root",
					"pivot": [1, 1, 0],
					"rotation": [-27.5, 0, 30],
					"cubes": [
						{"origin": [0, 1, -1], "size": [2, 4, 2], "uv": [2, 2]},
						{"origin": [0, 4, -1], "size": [2, 6, 2], "inflate": 0.01, "pivot": [1, 4, 0], "rotation": [0, 0, -10], "uv": [2, 2]},
						{"origin": [-0.95493, 9.65235, -1], "size": [2, 6, 2], "pivot": [0.04507, 10.65235, 0], "rotation": [0, 0, 5], "uv": [2, 2]}
					]
				},
				{
					"name": "leaves",
					"parent": "root",
					"pivot": [-5.5, 0, 2],
					"rotation": [-20, 0, -10],
					"cubes": [
						{"origin": [-11.5, 1, 2], "size": [12, 15, 0], "uv": [0, 48]}
					]
				},
				{
					"name": "gecko",
					"parent": "root",
					"pivot": [-10, 1, -3],
					"rotation": [0, 45, 0],
					"cubes": [
						{"origin": [-11, 1.5, -5], "size": [2, 1, 5], "uv": [0, 70]}
					]
				},
				{
					"name": "head",
					"parent": "gecko",
					"pivot": [-10, 2, -5],
					"cubes": [
						{"origin": [-11, 1.5, -7], "size": [2, 1, 2], "uv": [0, 67]}
					]
				},
				{
					"name": "leg0",
					"parent": "gecko",
					"pivot": [-11, 2.5, -4],
					"rotation": [0, 0, -10],
					"cubes": [
						{"origin": [-13, 1.5, -4.5], "size": [2, 1, 1], "uv": [0, 76]}
					]
				},
				{
					"name": "leg1",
					"parent": "gecko",
					"pivot": [-9, 2.5, -4],
					"rotation": [0, 0, 10],
					"cubes": [
						{"origin": [-9, 1.5, -4.5], "size": [2, 1, 1], "uv": [0, 76], "mirror": true}
					]
				},
				{
					"name": "leg2",
					"parent": "gecko",
					"pivot": [-11, 2.5, -1],
					"rotation": [0, 0, -10],
					"cubes": [
						{"origin": [-13, 1.5, -1.5], "size": [2, 1, 1], "uv": [0, 76]}
					]
				},
				{
					"name": "leg3",
					"parent": "gecko",
					"pivot": [-9, 2.5, -1],
					"rotation": [0, 0, 10],
					"cubes": [
						{"origin": [-9, 1.5, -1.5], "size": [2, 1, 1], "uv": [0, 76], "mirror": true}
					]
				},
				{
					"name": "tail",
					"parent": "gecko",
					"pivot": [-10, 2.5, 0],
					"cubes": [
						{"origin": [-13, 1.5, -0.5], "size": [3, 1, 1], "pivot": [-10, 1.5, 0], "rotation": [0, 90, 0], "uv": [0, 78], "mirror": true}
					]
				}
			]
		}
	]
}